Section,Field,Limit,Your text,Characters used,"Demo example (Fernmoor, made-up shop)",Tip
Title,Title,140 characters,,=LEN(D2),"Speckled Ceramic Mug, Handmade Stoneware Coffee Cup in Sage Green, 12 oz","Main words first. Short and easy to read. %, :, & and + can each be used only once."
Tags,Tag 1,20 characters,,=LEN(D3),ceramic coffee mug,"Use phrases buyers type, not single words."
Tags,Tag 2,20 characters,,=LEN(D4),handmade mug,Each tag is different. No repeats.
Tags,Tag 3,20 characters,,=LEN(D5),stoneware mug,"Letters, numbers, spaces, - and ' only."
Tags,Tag 4,20 characters,,=LEN(D6),speckled mug,Do not add plural versions. Etsy matches those for you.
Tags,Tag 5,20 characters,,=LEN(D7),pottery mug,Use words that are not already in your category or attributes.
Tags,Tag 6,20 characters,,=LEN(D8),dishwasher safe mug,Think about how buyers search: what it is.
Tags,Tag 7,20 characters,,=LEN(D9),12 oz mug,Size or capacity.
Tags,Tag 8,20 characters,,=LEN(D10),tea lover gift,Who it is for.
Tags,Tag 9,20 characters,,=LEN(D11),coffee lover gift,Who it is for.
Tags,Tag 10,20 characters,,=LEN(D12),housewarming gift,When or why they buy it.
Tags,Tag 11,20 characters,,=LEN(D13),gift for her,Who it is for.
Tags,Tag 12,20 characters,,=LEN(D14),minimalist mug,Style.
Tags,Tag 13,20 characters,,=LEN(D15),rustic kitchen decor,Style or room.
Core details,Who made it?,Pick one,,=LEN(D16),I did,Be honest. This shows on your listing.
Core details,What is it?,Pick one,,=LEN(D17),A finished product,Or a supply or tool to make things.
Core details,When was it made?,Pick one,,=LEN(D18),Made to order,Pick made to order if you make it after the order comes in.
Category,Category,Pick from list,,=LEN(D19),Home & Living > Kitchen & Dining > Drink & Barware > Drinkware > Mugs,Pick the most exact category. It decides which attributes you see.
Attributes,Primary color,Pick from list,,=LEN(D20),Green,Attributes work like extra search words. Fill in every one that fits.
Attributes,Secondary color,Pick from list,,=LEN(D21),White,
Attributes,Other attributes,Change by category,,=LEN(D22),Capacity: 12 fl oz; Dishwasher safe: Yes,"Your category shows its own list (size, material, occasion, holiday and more)."
Materials,Materials,"Letters, numbers, spaces",,=LEN(D23),"stoneware clay, food safe glaze","Write what it is made of, one material per entry."
Description,First 2 lines,Shown first,,=LEN(D24),"A speckled stoneware mug in sage green, made by hand and glazed to order. Holds 12 oz, safe for the dishwasher and microwave.","Say what it is, who it is for and the key facts. Then add size, care and shipping below."
Photos,Photo plan,Main photo first,,=LEN(D25),"1 front on white, 2 in hand for size, 3 close-up of glaze, 4 handle side, 5 in a kitchen scene",Your first photo is the thumbnail buyers see in search.
Price and stock,Price,Number only,,=LEN(D26),32.00,"Include your costs, fees and shipping before you set it."
Price and stock,Quantity,Number only,,=LEN(D27),5,
Price and stock,SKU,Optional,,=LEN(D28),FM-MUG-SAGE,Your own code to find the item fast.
Shipping,Processing time,Pick one,,=LEN(D29),1 to 2 weeks,Set a time you can always keep.
